{
  "s": 0.9364001740579849,
  "R": [
    [
      0.98578516384524,
      0.042349842743090275,
      0.1625856745296084
    ],
    [
      -0.036512546635283895,
      -0.8905804918973469,
      0.4533577190145606
    ],
    [
      0.16399525810467339,
      -0.45284973034276466,
      -0.8763747355142473
    ]
  ],
  "t": [
    -0.02925462463517114,
    0.016039188295970952,
    0.3429433772090309
  ]
}