{
  "s": 0.9255965539790563,
  "R": [
    [
      0.9943515417983341,
      0.022012262869161317,
      0.10382904991694428
    ],
    [
      -0.027229516569794762,
      -0.8926085968645323,
      0.4500093846031509
    ],
    [
      0.10258442742761516,
      -0.45029474023900196,
      -0.8869673512381604
    ]
  ],
  "t": [
    -0.02172518655014254,
    0.023431842345136733,
    0.31880975082535856
  ]
}